{"type": "FeatureCollection", "features": [{"geometry": {"type": "Point", "coordinates": [150.8778, -30.9251]}, "type": "Feature", "properties": {"comment": "", "spare1": "", "stntype": "WEA", "spare2": "", "elev": "16.493", "datecreate": 18991230, "dbver38": false, "cease": 18991230, "easting": "297221.6", "owner": "HYDADM", "timezone": "0.0", "datemod": 20111111, "northing": "6576769.5", "category11": "", "category10": "", "category13": "", "posacc": "", "category15": "", "parent": "", "zone": 56, "section": 0, "usercreate": "", "category12": "", "local_map": "", "station": "055000", "commence": 18991230, "timecreate": 0, "latitude": "-30.92510000", "timemod": 1508, "qquarter": "", "meridian": "", "category1": "", "category3": "", "category2": "", "category5": "", "category4": "", "category7": "", "category6": "", "category9": "", "category8": "", "stname": "ATTUNGA (GARTHOWEN) (CBM)", "barcode": "", "mapname": "", "checkedby": "", "grdatum": "MGA94", "active": false, "township": "", "enteredby": "", "shortname": "", "category14": "", "lldatum": "GDA94", "region": "EXT", "longitude": "150.87780000", "range": "", "orgcode": "CBM", "elevacc": "", "quarter": "", "usermod": "WISYS"}}, {"geometry": {"type": "Point", "coordinates": [150.8978, -30.9451]}, "type": "Feature", "properties": {"comment": "", "spare1": "", "stntype": "WEA", "spare2": "", "elev": "16.466", "datecreate": 18991230, "dbver38": false, "cease": 18991230, "easting": "299174.7", "owner": "HYDADM", "timezone": "0.0", "datemod": 20111111, "northing": "6574588.6", "category11": "", "category10": "", "category13": "", "posacc": "", "category15": "", "parent": "", "zone": 56, "section": 0, "usercreate": "", "category12": "", "local_map": "", "station": "055001", "commence": 18991230, "timecreate": 0, "latitude": "-30.94510000", "timemod": 1508, "qquarter": "", "meridian": "", "category1": "", "category3": "", "category2": "", "category5": "", "category4": "", "category7": "", "category6": "", "category9": "", "category8": "", "stname": "ATTUNGA (WARRAWILLA) (CBM)", "barcode": "", "mapname": "", "checkedby": "", "grdatum": "MGA94", "active": false, "township": "", "enteredby": "", "shortname": "", "category14": "", "lldatum": "GDA94", "region": "EXT", "longitude": "150.89780000", "range": "", "orgcode": "CBM", "elevacc": "", "quarter": "", "usermod": "WISYS"}}, {"geometry": {"type": "Point", "coordinates": [150.7411, -30.9684]}, "type": "Feature", "properties": {"comment": "", "spare1": "", "stntype": "WEA", "spare2": "", "elev": "16.165", "datecreate": 18991230, "dbver38": false, "cease": 18991230, "easting": "284257.5", "owner": "HYDADM", "timezone": "0.0", "datemod": 20111111, "northing": "6571708.5", "category11": "", "category10": "", "category13": "", "posacc": "", "category15": "", "parent": "", "zone": 56, "section": 0, "usercreate": "", "category12": "", "local_map": "", "station": "055003", "commence": 18991230, "timecreate": 0, "latitude": "-30.96840000", "timemod": 1508, "qquarter": "", "meridian": "", "category1": "", "category3": "", "category2": "", "category5": "", "category4": "", "category7": "", "category6": "", "category9": "", "category8": "", "stname": "SOMERTON (BECTIVE ESTATE) (CBM)", "barcode": "", "mapname": "", "checkedby": "", "grdatum": "MGA94", "active": false, "township": "", "enteredby": "", "shortname": "", "category14": "", "lldatum": "GDA94", "region": "EXT", "longitude": "150.74110000", "range": "", "orgcode": "CBM", "elevacc": "", "quarter": "", "usermod": "WISYS"}}, {"geometry": {"type": "Point", "coordinates": [150.6778, -30.9251]}, "type": "Feature", "properties": {"comment": "", "spare1": "", "stntype": "WEA", "spare2": "", "elev": "16.192", "datecreate": 18991230, "dbver38": false, "cease": 18991230, "easting": "278106.8", "owner": "HYDADM", "timezone": "0.0", "datemod": 20111111, "northing": "6576388.2", "category11": "", "category10": "", "category13": "", "posacc": "", "category15": "", "parent": "", "zone": 56, "section": 0, "usercreate": "", "category12": "", "local_map": "", "station": "055011", "commence": 18991230, "timecreate": 0, "latitude": "-30.92510000", "timemod": 1508, "qquarter": "", "meridian": "", "category1": "", "category3": "", "category2": "", "category5": "", "category4": "", "category7": "", "category6": "", "category9": "", "category8": "", "stname": "SOMERTON (GIRRAWEENA) (CBM)", "barcode": "", "mapname": "", "checkedby": "", "grdatum": "MGA94", "active": false, "township": "", "enteredby": "", "shortname": "", "category14": "", "lldatum": "GDA94", "region": "EXT", "longitude": "150.67780000", "range": "", "orgcode": "CBM", "elevacc": "", "quarter": "", "usermod": "WISYS"}}, {"geometry": {"type": "Point", "coordinates": [150.9778, -31.0184]}, "type": "Feature", "properties": {"comment": "", "spare1": "", "stntype": "WEA", "spare2": "", "elev": "16.379", "datecreate": 18991230, "dbver38": false, "cease": 18991230, "easting": "306966.5", "owner": "HYDADM", "timezone": "0.0", "datemod": 20111111, "northing": "6566600.6", "category11": "", "category10": "", "category13": "", "posacc": "", "category15": "", "parent": "", "zone": 56, "section": 0, "usercreate": "", "category12": "", "local_map": "", "station": "055022", "commence": 18991230, "timecreate": 0, "latitude": "-31.01840000", "timemod": 1508, "qquarter": "", "meridian": "", "category1": "", "category3": "", "category2": "", "category5": "", "category4": "", "category7": "", "category6": "", "category9": "", "category8": "", "stname": "MOORE CREEK (ELIZABETH ROAD) (CBM)", "barcode": "", "mapname": "", "checkedby": "", "grdatum": "MGA94", "active": false, "township": "", "enteredby": "", "shortname": "", "category14": "", "lldatum": "GDA94", "region": "EXT", "longitude": "150.97780000", "range": "", "orgcode": "CBM", "elevacc": "", "quarter": "", "usermod": "WISYS"}}, {"geometry": {"type": "Point", "coordinates": [150.6411, -30.9384]}, "type": "Feature", "properties": {"comment": "", "spare1": "", "stntype": "WEA", "spare2": "", "elev": "16.099", "datecreate": 18991230, "dbver38": false, "cease": 18991230, "easting": "274633.7", "owner": "HYDADM", "timezone": "0.0", "datemod": 20111111, "northing": "6574836.3", "category11": "", "category10": "", "category13": "", "posacc": "", "category15": "", "parent": "", "zone": 56, "section": 0, "usercreate": "", "category12": "", "local_map": "", "station": "055050", "commence": 18991230, "timecreate": 0, "latitude": "-30.93840000", "timemod": 1508, "qquarter": "", "meridian": "", "category1": "", "category3": "", "category2": "", "category5": "", "category4": "", "category7": "", "category6": "", "category9": "", "category8": "", "stname": "SOMERTON POST OFFICE (CBM)", "barcode": "", "mapname": "", "checkedby": "", "grdatum": "MGA94", "active": false, "township": "", "enteredby": "", "shortname": "", "category14": "", "lldatum": "GDA94", "region": "EXT", "longitude": "150.64110000", "range": "", "orgcode": "CBM", "elevacc": "", "quarter": "", "usermod": "WISYS"}}, {"geometry": {"type": "Point", "coordinates": [150.6011, -30.8984]}, "type": "Feature", "properties": {"comment": "", "spare1": "", "stntype": "WEA", "spare2": "", "elev": "16.152", "datecreate": 18991230, "dbver38": false, "cease": 18991230, "easting": "270715.6", "owner": "HYDADM", "timezone": "0.0", "datemod": 20111111, "northing": "6579189.4", "category11": "", "category10": "", "category13": "", "posacc": "", "category15": "", "parent": "", "zone": 56, "section": 0, "usercreate": "", "category12": "", "local_map": "", "station": "055116", "commence": 18991230, "timecreate": 0, "latitude": "-30.89840000", "timemod": 1508, "qquarter": "", "meridian": "", "category1": "", "category3": "", "category2": "", "category5": "", "category4": "", "category7": "", "category6": "", "category9": "", "category8": "", "stname": "SOMERTON (TRELAWNEY) (CBM)", "barcode": "", "mapname": "", "checkedby": "", "grdatum": "MGA94", "active": false, "township": "", "enteredby": "", "shortname": "", "category14": "", "lldatum": "GDA94", "region": "EXT", "longitude": "150.60110000", "range": "", "orgcode": "CBM", "elevacc": "", "quarter": "", "usermod": "WISYS"}}, {"geometry": {"type": "Point", "coordinates": [150.5511, -30.9484]}, "type": "Feature", "properties": {"comment": "", "spare1": "", "stntype": "WEA", "spare2": "", "elev": "15.935", "datecreate": 18991230, "dbver38": false, "cease": 18991230, "easting": "266057.2", "owner": "HYDADM", "timezone": "0.0", "datemod": 20111111, "northing": "6573541.8", "category11": "", "category10": "", "category13": "", "posacc": "", "category15": "", "parent": "", "zone": 56, "section": 0, "usercreate": "", "category12": "", "local_map": "", "station": "055117", "commence": 18991230, "timecreate": 0, "latitude": "-30.94840000", "timemod": 1508, "qquarter": "", "meridian": "", "category1": "", "category3": "", "category2": "", "category5": "", "category4": "", "category7": "", "category6": "", "category9": "", "category8": "", "stname": "CARROLL GAP (KURRAWONG) (CBM)", "barcode": "", "mapname": "", "checkedby": "", "grdatum": "MGA94", "active": false, "township": "", "enteredby": "", "shortname": "", "category14": "", "lldatum": "GDA94", "region": "EXT", "longitude": "150.55110000", "range": "", "orgcode": "CBM", "elevacc": "", "quarter": "", "usermod": "WISYS"}}, {"geometry": {"type": "Point", "coordinates": [150.7011, -30.9184]}, "type": "Feature", "properties": {"comment": "", "spare1": "", "stntype": "WEA", "spare2": "", "elev": "16.246", "datecreate": 18991230, "dbver38": false, "cease": 18991230, "easting": "280321.7", "owner": "HYDADM", "timezone": "0.0", "datemod": 20111111, "northing": "6577173.6", "category11": "", "category10": "", "category13": "", "posacc": "", "category15": "", "parent": "", "zone": 56, "section": 0, "usercreate": "", "category12": "", "local_map": "", "station": "055118", "commence": 18991230, "timecreate": 0, "latitude": "-30.91840000", "timemod": 1508, "qquarter": "", "meridian": "", "category1": "", "category3": "", "category2": "", "category5": "", "category4": "", "category7": "", "category6": "", "category9": "", "category8": "", "stname": "SOMERTON (CLERMONT PARK) (CBM)", "barcode": "", "mapname": "", "checkedby": "", "grdatum": "MGA94", "active": false, "township": "", "enteredby": "", "shortname": "", "category14": "", "lldatum": "GDA94", "region": "EXT", "longitude": "150.70110000", "range": "", "orgcode": "CBM", "elevacc": "", "quarter": "", "usermod": "WISYS"}}, {"geometry": {"type": "Point", "coordinates": [150.6711, -30.8884]}, "type": "Feature", "properties": {"comment": "", "spare1": "", "stntype": "WEA", "spare2": "", "elev": "16.285", "datecreate": 18991230, "dbver38": false, "cease": 18991230, "easting": "277384.7", "owner": "HYDADM", "timezone": "0.0", "datemod": 20111111, "northing": "6580440.0", "category11": "", "category10": "", "category13": "", "posacc": "", "category15": "", "parent": "", "zone": 56, "section": 0, "usercreate": "", "category12": "", "local_map": "", "station": "055119", "commence": 18991230, "timecreate": 0, "latitude": "-30.88840000", "timemod": 1508, "qquarter": "", "meridian": "", "category1": "", "category3": "", "category2": "", "category5": "", "category4": "", "category7": "", "category6": "", "category9": "", "category8": "", "stname": "SOMERTON (LONOU) (CBM)", "barcode": "", "mapname": "", "checkedby": "", "grdatum": "MGA94", "active": false, "township": "", "enteredby": "", "shortname": "", "category14": "", "lldatum": "GDA94", "region": "EXT", "longitude": "150.67110000", "range": "", "orgcode": "CBM", "elevacc": "", "quarter": "", "usermod": "WISYS"}}, {"geometry": {"type": "Point", "coordinates": [150.7911, -30.9451]}, "type": "Feature", "properties": {"comment": "", "spare1": "", "stntype": "WEA", "spare2": "", "elev": "16.306", "datecreate": 18991230, "dbver38": false, "cease": 18991230, "easting": "288982.7", "owner": "HYDADM", "timezone": "0.0", "datemod": 20111111, "northing": "6574391.3", "category11": "", "category10": "", "category13": "", "posacc": "", "category15": "", "parent": "", "zone": 56, "section": 0, "usercreate": "", "category12": "", "local_map": "", "station": "055120", "commence": 18991230, "timecreate": 0, "latitude": "-30.94510000", "timemod": 1508, "qquarter": "", "meridian": "", "category1": "", "category3": "", "category2": "", "category5": "", "category4": "", "category7": "", "category6": "", "category9": "", "category8": "", "stname": "ATTUNGA (THE PINES) (CBM)", "barcode": "", "mapname": "", "checkedby": "", "grdatum": "MGA94", "active": false, "township": "", "enteredby": "", "shortname": "", "category14": "", "lldatum": "GDA94", "region": "EXT", "longitude": "150.79110000", "range": "", "orgcode": "CBM", "elevacc": "", "quarter": "", "usermod": "WISYS"}}, {"geometry": {"type": "Point", "coordinates": [150.8211, -30.8951]}, "type": "Feature", "properties": {"comment": "", "spare1": "", "stntype": "WEA", "spare2": "", "elev": "16.492", "datecreate": 18991230, "dbver38": false, "cease": 18991230, "easting": "291740.8", "owner": "HYDADM", "timezone": "0.0", "datemod": 20111111, "northing": "6579990.8", "category11": "", "category10": "", "category13": "", "posacc": "", "category15": "", "parent": "", "zone": 56, "section": 0, "usercreate": "", "category12": "", "local_map": "", "station": "055121", "commence": 18991230, "timecreate": 0, "latitude": "-30.89510000", "timemod": 1508, "qquarter": "", "meridian": "", "category1": "", "category3": "", "category2": "", "category5": "", "category4": "", "category7": "", "category6": "", "category9": "", "category8": "", "stname": "ATTUNGA (KERRIBREE) (CBM)", "barcode": "", "mapname": "", "checkedby": "", "grdatum": "MGA94", "active": false, "township": "", "enteredby": "", "shortname": "", "category14": "", "lldatum": "GDA94", "region": "EXT", "longitude": "150.82110000", "range": "", "orgcode": "CBM", "elevacc": "", "quarter": "", "usermod": "WISYS"}}, {"geometry": {"type": "Point", "coordinates": [150.9978, -30.8984]}, "type": "Feature", "properties": {"comment": "", "spare1": "", "stntype": "WEA", "spare2": "", "elev": "16.748", "datecreate": 18991230, "dbver38": false, "cease": 18991230, "easting": "308636.6", "owner": "HYDADM", "timezone": "0.0", "datemod": 20111111, "northing": "6579938.0", "category11": "", "category10": "", "category13": "", "posacc": "", "category15": "", "parent": "", "zone": 56, "section": 0, "usercreate": "", "category12": "", "local_map": "", "station": "055123", "commence": 18991230, "timecreate": 0, "latitude": "-30.89840000", "timemod": 1508, "qquarter": "", "meridian": "", "category1": "", "category3": "", "category2": "", "category5": "", "category4": "", "category7": "", "category6": "", "category9": "", "category8": "", "stname": "ROSEHILL (MOONBI) (CBM)", "barcode": "", "mapname": "", "checkedby": "", "grdatum": "MGA94", "active": false, "township": "", "enteredby": "", "shortname": "", "category14": "", "lldatum": "GDA94", "region": "EXT", "longitude": "150.99780000", "range": "", "orgcode": "CBM", "elevacc": "", "quarter": "", "usermod": "WISYS"}}, {"geometry": {"type": "Point", "coordinates": [150.8711, -30.9684]}, "type": "Feature", "properties": {"comment": "", "spare1": "", "stntype": "WEA", "spare2": "", "elev": "16.361", "datecreate": 18991230, "dbver38": false, "cease": 18991230, "easting": "296676.2", "owner": "HYDADM", "timezone": "0.0", "datemod": 20111111, "northing": "6571953.5", "category11": "", "category10": "", "category13": "", "posacc": "", "category15": "", "parent": "", "zone": 56, "section": 0, "usercreate": "", "category12": "", "local_map": "", "station": "055132", "commence": 18991230, "timecreate": 0, "latitude": "-30.96840000", "timemod": 1508, "qquarter": "", "meridian": "", "category1": "", "category3": "", "category2": "", "category5": "", "category4": "", "category7": "", "category6": "", "category9": "", "category8": "", "stname": "TAMWORTH (OMAHA) (CBM)", "barcode": "", "mapname": "", "checkedby": "", "grdatum": "MGA94", "active": false, "township": "", "enteredby": "", "shortname": "", "category14": "", "lldatum": "GDA94", "region": "EXT", "longitude": "150.87110000", "range": "", "orgcode": "CBM", "elevacc": "", "quarter": "", "usermod": "WISYS"}}, {"geometry": {"type": "Point", "coordinates": [150.8478, -31.0184]}, "type": "Feature", "properties": {"comment": "", "spare1": "", "stntype": "WEA", "spare2": "", "elev": "16.184", "datecreate": 18991230, "dbver38": false, "cease": 18991230, "easting": "294554.6", "owner": "HYDADM", "timezone": "0.0", "datemod": 20111111, "northing": "6566367.4", "category11": "", "category10": "", "category13": "", "posacc": "", "category15": "", "parent": "", "zone": 56, "section": 0, "usercreate": "", "category12": "", "local_map": "", "station": "055137", "commence": 18991230, "timecreate": 0, "latitude": "-31.01840000", "timemod": 1508, "qquarter": "", "meridian": "", "category1": "", "category3": "", "category2": "", "category5": "", "category4": "", "category7": "", "category6": "", "category9": "", "category8": "", "stname": "GIDLEY (GREENDALE) (CBM)", "barcode": "", "mapname": "", "checkedby": "", "grdatum": "MGA94", "active": false, "township": "", "enteredby": "", "shortname": "", "category14": "", "lldatum": "GDA94", "region": "EXT", "longitude": "150.84780000", "range": "", "orgcode": "CBM", "elevacc": "", "quarter": "", "usermod": "WISYS"}}, {"geometry": {"type": "Point", "coordinates": [150.6411, -31.0251]}, "type": "Feature", "properties": {"comment": "", "spare1": "", "stntype": "WEA", "spare2": "", "elev": "15.855", "datecreate": 18991230, "dbver38": false, "cease": 18991230, "easting": "274837.5", "owner": "HYDADM", "timezone": "0.0", "datemod": 20111111, "northing": "6565227.6", "category11": "", "category10": "", "category13": "", "posacc": "", "category15": "", "parent": "", "zone": 56, "section": 0, "usercreate": "", "category12": "", "local_map": "", "station": "055138", "commence": 18991230, "timecreate": 0, "latitude": "-31.02510000", "timemod": 1508, "qquarter": "", "meridian": "", "category1": "", "category3": "", "category2": "", "category5": "", "category4": "", "category7": "", "category6": "", "category9": "", "category8": "", "stname": "SOMERTON (KALLAROO) (CBM)", "barcode": "", "mapname": "", "checkedby": "", "grdatum": "MGA94", "active": false, "township": "", "enteredby": "", "shortname": "", "category14": "", "lldatum": "GDA94", "region": "EXT", "longitude": "150.64110000", "range": "", "orgcode": "CBM", "elevacc": "", "quarter": "", "usermod": "WISYS"}}, {"geometry": {"type": "Point", "coordinates": [150.7978, -30.9984]}, "type": "Feature", "properties": {"comment": "", "spare1": "", "stntype": "WEA", "spare2": "", "elev": "16.166", "datecreate": 18991230, "dbver38": false, "cease": 18991230, "easting": "289736.8", "owner": "HYDADM", "timezone": "0.0", "datemod": 20111111, "northing": "6568491.2", "category11": "", "category10": "", "category13": "", "posacc": "", "category15": "", "parent": "", "zone": 56, "section": 0, "usercreate": "", "category12": "", "local_map": "", "station": "055139", "commence": 18991230, "timecreate": 0, "latitude": "-30.99840000", "timemod": 1508, "qquarter": "", "meridian": "", "category1": "", "category3": "", "category2": "", "category5": "", "category4": "", "category7": "", "category6": "", "category9": "", "category8": "", "stname": "BYAMEE (MILROY) (CBM)", "barcode": "", "mapname": "", "checkedby": "", "grdatum": "MGA94", "active": false, "township": "", "enteredby": "", "shortname": "", "category14": "", "lldatum": "GDA94", "region": "EXT", "longitude": "150.79780000", "range": "", "orgcode": "CBM", "elevacc": "", "quarter": "", "usermod": "WISYS"}}, {"geometry": {"type": "Point", "coordinates": [150.7278, -31.0251]}, "type": "Feature", "properties": {"comment": "", "spare1": "", "stntype": "WEA", "spare2": "", "elev": "15.985", "datecreate": 18991230, "dbver38": false, "cease": 18991230, "easting": "283112.2", "owner": "HYDADM", "timezone": "0.0", "datemod": 20111111, "northing": "6565400.1", "category11": "", "category10": "", "category13": "", "posacc": "", "category15": "", "parent": "", "zone": 56, "section": 0, "usercreate": "", "category12": "", "local_map": "", "station": "055140", "commence": 18991230, "timecreate": 0, "latitude": "-31.02510000", "timemod": 1508, "qquarter": "", "meridian": "", "category1": "", "category3": "", "category2": "", "category5": "", "category4": "", "category7": "", "category6": "", "category9": "", "category8": "", "stname": "SOMERTON (GLEN BURN) (CBM)", "barcode": "", "mapname": "", "checkedby": "", "grdatum": "MGA94", "active": false, "township": "", "enteredby": "", "shortname": "", "category14": "", "lldatum": "GDA94", "region": "EXT", "longitude": "150.72780000", "range": "", "orgcode": "CBM", "elevacc": "", "quarter": "", "usermod": "WISYS"}}, {"geometry": {"type": "Point", "coordinates": [150.9211, -30.9984]}, "type": "Feature", "properties": {"comment": "", "spare1": "", "stntype": "WEA", "spare2": "", "elev": "16.351", "datecreate": 18991230, "dbver38": false, "cease": 18991230, "easting": "301514.7", "owner": "HYDADM", "timezone": "0.0", "datemod": 20111111, "northing": "6568718.0", "category11": "", "category10": "", "category13": "", "posacc": "", "category15": "", "parent": "", "zone": 56, "section": 0, "usercreate": "", "category12": "", "local_map": "", "station": "055141", "commence": 18991230, "timecreate": 0, "latitude": "-30.99840000", "timemod": 1508, "qquarter": "", "meridian": "", "category1": "", "category3": "", "category2": "", "category5": "", "category4": "", "category7": "", "category6": "", "category9": "", "category8": "", "stname": "MOOR CREEK (ORROROO) (CBM)", "barcode": "", "mapname": "", "checkedby": "", "grdatum": "MGA94", "active": false, "township": "", "enteredby": "", "shortname": "", "category14": "", "lldatum": "GDA94", "region": "EXT", "longitude": "150.92110000", "range": "", "orgcode": "CBM", "elevacc": "", "quarter": "", "usermod": "WISYS"}}, {"geometry": {"type": "Point", "coordinates": [150.9978, -30.9984]}, "type": "Feature", "properties": {"comment": "", "spare1": "", "stntype": "WEA", "spare2": "", "elev": "16.466", "datecreate": 18991230, "dbver38": false, "cease": 18991230, "easting": "308836.0", "owner": "HYDADM", "timezone": "0.0", "datemod": 20111111, "northing": "6568852.3", "category11": "", "category10": "", "category13": "", "posacc": "", "category15": "", "parent": "", "zone": 56, "section": 0, "usercreate": "", "category12": "", "local_map": "", "station": "055142", "commence": 18991230, "timecreate": 0, "latitude": "-30.99840000", "timemod": 1508, "qquarter": "", "meridian": "", "category1": "", "category3": "", "category2": "", "category5": "", "category4": "", "category7": "", "category6": "", "category9": "", "category8": "", "stname": "MOOR CREEK (MOONGABAH) (CBM)", "barcode": "", "mapname": "", "checkedby": "", "grdatum": "MGA94", "active": false, "township": "", "enteredby": "", "shortname": "", "category14": "", "lldatum": "GDA94", "region": "EXT", "longitude": "150.99780000", "range": "", "orgcode": "CBM", "elevacc": "", "quarter": "", "usermod": "WISYS"}}, {"geometry": {"type": "Point", "coordinates": [150.5478, -30.9384]}, "type": "Feature", "properties": {"comment": "", "spare1": "", "stntype": "WEA", "spare2": "", "elev": "15.959", "datecreate": 18991230, "dbver38": false, "cease": 18991230, "easting": "265714.3", "owner": "HYDADM", "timezone": "0.0", "datemod": 20111111, "northing": "6574643.6", "category11": "", "category10": "", "category13": "", "posacc": "", "category15": "", "parent": "", "zone": 56, "section": 0, "usercreate": "", "category12": "", "local_map": "", "station": "055284", "commence": 18991230, "timecreate": 0, "latitude": "-30.93840000", "timemod": 1508, "qquarter": "", "meridian": "", "category1": "", "category3": "", "category2": "", "category5": "", "category4": "", "category7": "", "category6": "", "category9": "", "category8": "", "stname": "CARROL GAP (PEEL RIVER) (CBM)", "barcode": "", "mapname": "", "checkedby": "", "grdatum": "MGA94", "active": false, "township": "", "enteredby": "", "shortname": "", "category14": "", "lldatum": "GDA94", "region": "EXT", "longitude": "150.54780000", "range": "", "orgcode": "CBM", "elevacc": "", "quarter": "", "usermod": "WISYS"}}, {"geometry": {"type": "Point", "coordinates": [150.7511, -30.8751]}, "type": "Feature", "properties": {"comment": "", "spare1": "", "stntype": "WEA", "spare2": "", "elev": "16.443", "datecreate": 18991230, "dbver38": false, "cease": 18991230, "easting": "285003.9", "owner": "HYDADM", "timezone": "0.0", "datemod": 20111111, "northing": "6582075.3", "category11": "", "category10": "", "category13": "", "posacc": "", "category15": "", "parent": "", "zone": 56, "section": 0, "usercreate": "", "category12": "", "local_map": "", "station": "055328", "commence": 18991230, "timecreate": 0, "latitude": "-30.87510000", "timemod": 1508, "qquarter": "", "meridian": "", "category1": "", "category3": "", "category2": "", "category5": "", "category4": "", "category7": "", "category6": "", "category9": "", "category8": "", "stname": "MANILLA (KIMBERLEY) (CBM)", "barcode": "", "mapname": "", "checkedby": "", "grdatum": "MGA94", "active": false, "township": "", "enteredby": "", "shortname": "", "category14": "", "lldatum": "GDA94", "region": "EXT", "longitude": "150.75110000", "range": "", "orgcode": "CBM", "elevacc": "", "quarter": "", "usermod": "WISYS"}}, {"geometry": {"type": "Point", "coordinates": [150.8391, -30.9416]}, "type": "Feature", "properties": {"comment": "", "spare1": "", "stntype": "STR", "spare2": "", "elev": "366.388", "datecreate": 18991230, "dbver38": false, "cease": 19520221, "easting": "293556.5", "owner": "HYDHNW", "timezone": "0.0", "datemod": 20130920, "northing": "6574863.8", "category11": "", "category10": "", "category13": "", "posacc": "04", "category15": "", "parent": "", "zone": 56, "section": 3, "usercreate": "", "category12": "", "local_map": "56JKL93", "station": "419046", "commence": 19360701, "timecreate": 0, "latitude": "-30.94160000", "timemod": 2155, "qquarter": "", "meridian": "NON", "category1": "ARM", "category3": "DISC", "category2": "", "category5": "", "category4": "", "category7": "", "category6": "02/1952", "category9": "", "category8": "", "stname": "PEEL RIVER AT ATTUNGA", "barcode": "", "mapname": "9036-II-S", "checkedby": "", "grdatum": "MGA94", "active": false, "township": "IPA", "enteredby": "", "shortname": "PEEL @ ATTUNGA", "category14": "", "lldatum": "GDA94", "region": "DIS", "longitude": "150.83910000", "range": "UNR", "orgcode": "DWR", "elevacc": "06", "quarter": "", "usermod": "TONYC"}}, {"geometry": {"type": "Point", "coordinates": [150.8517, -30.9651]}, "type": "Feature", "properties": {"comment": "AHN connection 28/7/11 GZ updated frmo 24.405m ASS to 342.835m AHD", "spare1": "LF", "stntype": "STR", "spare2": "", "elev": "356.341", "datecreate": 18991230, "dbver38": false, "cease": 18991230, "easting": "294811.6", "owner": "ABRISSET", "timezone": "0.0", "datemod": 20140926, "northing": "6572287.3", "category11": "", "category10": "", "category13": "", "posacc": "03", "category15": "", "parent": "", "zone": 56, "section": 3, "usercreate": "", "category12": "", "local_map": "56JKL94", "station": "419073", "commence": 19810121, "timecreate": 0, "latitude": "-30.96510000", "timemod": 1502, "qquarter": "", "meridian": "ACT", "category1": "ARM", "category3": "SFH", "category2": "", "category5": "", "category4": "XSWPL", "category7": "", "category6": "", "category9": "GSM", "category8": "DWR", "stname": "PEEL RIVER AT APPLEBY CROSSING", "barcode": "", "mapname": "9036-II-S", "checkedby": "", "grdatum": "MGA94", "active": true, "township": "IPA", "enteredby": "", "shortname": "PEEL @ APPLEBY", "category14": "", "lldatum": "GDA94", "region": "HNE", "longitude": "150.85170000", "range": "REG", "orgcode": "DWR", "elevacc": "06", "quarter": "", "usermod": "ABRISSET"}}, {"geometry": {"type": "Point", "coordinates": [150.7309, -30.9668]}, "type": "Feature", "properties": {"comment": "AHD connection 27/7/11. GZ updated from 23.345m ASS to 318.712m AHD", "spare1": "LF", "stntype": "STR", "spare2": "", "elev": "346.154", "datecreate": 18991230, "dbver38": false, "cease": 18991230, "easting": "283272.0", "owner": "ABRISSET", "timezone": "0.0", "datemod": 20130920, "northing": "6571867.2", "category11": "", "category10": "", "category13": "", "posacc": "04", "category15": "", "parent": "", "zone": 56, "section": 3, "usercreate": "", "category12": "", "local_map": "56JKL83", "station": "419074", "commence": 19810122, "timecreate": 0, "latitude": "-30.96680000", "timemod": 2155, "qquarter": "", "meridian": "ACT", "category1": "ARM", "category3": "SFH", "category2": "", "category5": "", "category4": "XSWPL", "category7": "", "category6": "", "category9": "GSM", "category8": "DWR", "stname": "PEEL RIVER AT BECTIVE", "barcode": "", "mapname": "9036-III-S", "checkedby": "", "grdatum": "MGA94", "active": true, "township": "IPA", "enteredby": "", "shortname": "PEEL @ BECTIVE", "category14": "", "lldatum": "GDA94", "region": "HNE", "longitude": "150.73090000", "range": "REG", "orgcode": "DWR", "elevacc": "06", "quarter": "", "usermod": "TONYC"}}, {"geometry": {"type": "Point", "coordinates": [150.6464, -30.9382]}, "type": "Feature", "properties": {"comment": "AHD connection 27/7/11. GZ updated from 25.475 ASS to 306.818m AHD", "spare1": "LF", "stntype": "STR", "spare2": "", "elev": "326.108", "datecreate": 18991230, "dbver38": false, "cease": 18991230, "easting": "275137.4", "owner": "ABRISSET", "timezone": "0.0", "datemod": 20140926, "northing": "6574874.7", "category11": "", "category10": "", "category13": "", "posacc": "04", "category15": "", "parent": "", "zone": 56, "section": 3, "usercreate": "", "category12": "", "local_map": "56JKL74", "station": "419075", "commence": 19810122, "timecreate": 0, "latitude": "-30.93820000", "timemod": 1503, "qquarter": "", "meridian": "ACT", "category1": "ARM", "category3": "SFH", "category2": "", "category5": "", "category4": "XSWPL", "category7": "", "category6": "", "category9": "GSM", "category8": "DWR", "stname": "PEEL RIVER AT SOMERTON", "barcode": "", "mapname": "9036-III-S", "checkedby": "", "grdatum": "MGA94", "active": true, "township": "IPA", "enteredby": "", "shortname": "PEEL @ SOMERTON", "category14": "", "lldatum": "GDA94", "region": "HNE", "longitude": "150.64640000", "range": "REG", "orgcode": "DWR", "elevacc": "06", "quarter": "", "usermod": "ABRISSET"}}, {"geometry": {"type": "Point", "coordinates": [150.997, -30.9485]}, "type": "Feature", "properties": {"comment": "", "spare1": "", "stntype": "STR", "spare2": "", "elev": "706.605", "datecreate": 18991230, "dbver38": false, "cease": 19971202, "easting": "308655.5", "owner": "HYDHNW", "timezone": "0.0", "datemod": 20130920, "northing": "6574388.8", "category11": "", "category10": "", "category13": "", "posacc": "04", "category15": "", "parent": "", "zone": 56, "section": 3, "usercreate": "", "category12": "", "local_map": "56JLL", "station": "419092", "commence": 19970812, "timecreate": 0, "latitude": "-30.94850000", "timemod": 2155, "qquarter": "", "meridian": "NON", "category1": "ARM", "category3": "DISC", "category2": "", "category5": "", "category4": "", "category7": "", "category6": "08/1997", "category9": "", "category8": "", "stname": "MOORE CREEK D/S MOORE CREEK DAM", "barcode": "", "mapname": "9036-2-S", "checkedby": "", "grdatum": "MGA94", "active": false, "township": "IPA", "enteredby": "", "shortname": "MOORE CREEK@D/S DAM", "category14": "", "lldatum": "GDA94", "region": "NVD", "longitude": "150.99700000", "range": "UNR", "orgcode": "DWR", "elevacc": "06", "quarter": "", "usermod": "TONYC"}}, {"geometry": {"type": "Point", "coordinates": [150.96215556, -31.01462222]}, "type": "Feature", "properties": {"comment": "", "spare1": "LF", "stntype": "STR", "spare2": "", "elev": "423.941", "datecreate": 18991230, "dbver38": false, "cease": 18991230, "easting": "305484.0", "owner": "ABRISSET", "timezone": "10.0", "datemod": 20130920, "northing": "6567011.0", "category11": "", "category10": "", "category13": "", "posacc": "04", "category15": "", "parent": "", "zone": 56, "section": 3, "usercreate": "", "category12": "", "local_map": "TAMWORTH", "station": "419104", "commence": 20100924, "timecreate": 0, "latitude": "-31.01462222", "timemod": 2155, "qquarter": "", "meridian": "ACT", "category1": "ARM", "category3": "CR", "category2": "", "category5": "", "category4": "WSP", "category7": "", "category6": "", "category9": "NXP", "category8": "DWR", "stname": "MOORE CREEK AT SLIPPERY ROCK", "barcode": "", "mapname": "90351N", "checkedby": "", "grdatum": "MGA94", "active": true, "township": "IPA", "enteredby": "", "shortname": "MOORE CK @ SLP ROCK", "category14": "", "lldatum": "GDA94", "region": "HNE", "longitude": "150.96215556", "range": "UNR", "orgcode": "DWR", "elevacc": "10", "quarter": "H", "usermod": "TONYC"}}]}