{"type": "FeatureCollection", "features": [{"geometry": {"type": "Point", "coordinates": [150.25, -30.95]}, "type": "Feature", "properties": {"rainfall": [50.7, 77.1, 45.5, 18.7, 23.8, 42.9, 33.8, 29.0, 40.0, 42.0, 65.7, 80.0, 546.2], "name": "'GUNNEDAH AIRPORT AWS' [055202]"}}, {"geometry": {"type": "Point", "coordinates": [150.25, -30.98]}, "type": "Feature", "properties": {"rainfall": [71.2, 67.2, 48.6, 37.0, 42.2, 44.2, 42.4, 41.2, 40.0, 54.8, 62.2, 69.6, 620.4], "name": "'GUNNEDAH POOL' [055023]"}}, {"geometry": {"type": "Point", "coordinates": [151.35, -30.97]}, "type": "Feature", "properties": {"rainfall": [97.8, 77.0, 52.8, 40.7, 46.3, 44.1, 52.6, 53.5, 55.3, 73.7, 87.0, 98.9, 778.5], "name": "'WOOLBROOK (DANGLEMAH ROAD)' [055136]"}}, {"geometry": {"type": "Point", "coordinates": [150.68, -31.51]}, "type": "Feature", "properties": {"rainfall": [80.5, 65.6, 53.5, 41.5, 44.0, 51.1, 48.2, 44.7, 46.5, 59.8, 65.8, 80.0, 681.2], "name": "'QUIRINDI POST OFFICE' [055049]"}}, {"geometry": {"type": "Point", "coordinates": [150.84, -31.07]}, "type": "Feature", "properties": {"rainfall": [57.2, 79.7, 48.5, 24.5, 27.1, 48.6, 44.5, 38.1, 43.9, 54.6, 90.3, 73.8, 627.7], "name": "'TAMWORTH AIRPORT AWS' [055325]"}}, {"geometry": {"type": "Point", "coordinates": [150.61, -30.38]}, "type": "Feature", "properties": {"rainfall": [87.5, 77.7, 54.9, 39.1, 42.2, 46.7, 43.7, 39.6, 43.7, 62.7, 73.4, 77.9, 687.9], "name": "'BARRABA POST OFFICE' [054003]"}}, {"geometry": {"type": "Point", "coordinates": [150.27, -31.03]}, "type": "Feature", "properties": {"rainfall": [84.0, 73.7, 42.9, 38.1, 44.1, 40.2, 42.7, 35.3, 39.7, 57.9, 69.5, 70.7, 638.1], "name": "'GUNNEDAH RESOURCE CENTRE' [055024]"}}]}