{"419104": [{"name": "Stream Water Level", "units": "Metres", "datasource": "A", "subdesc": "", "period_end": "20140515091000", "variable": "100.00", "period_start": "20100924090000"}, {"name": "Discharge Rate", "units": "Megalitres/Day", "datasource": "A", "subdesc": "monthly max", "period_end": "20150101000000", "variable": "141.01", "period_start": "20100101000000"}, {"name": "Discharge Rate", "units": "Megalitres/Day", "datasource": "A", "subdesc": "Monthly Min", "period_end": "20150101000000", "variable": "141.02", "period_start": "20100101000000"}, {"name": "Discharge Volume", "units": "Megalitres", "datasource": "A", "subdesc": "", "period_end": "20150101000000", "variable": "151.00", "period_start": "20100101000000"}, {"name": "Discharge Volume", "units": "Megalitres", "datasource": "A", "subdesc": "Monthly Tot", "period_end": "20150101000000", "variable": "151.01", "period_start": "20100101000000"}, {"name": "Discharge Volume", "units": "Megalitres", "datasource": "A", "subdesc": "Yearly Total", "period_end": "21010101000000", "variable": "151.02", "period_start": "18010101000000"}, {"name": "Stream Water Level", "units": "Metres", "datasource": "PROV", "subdesc": "", "period_end": "20141105100000", "variable": "100.00", "period_start": "20100924090000"}, {"name": "Logger Battery Voltage", "units": "Volts", "datasource": "PROV", "subdesc": "", "period_end": "20141105100000", "variable": "300.00", "period_start": "20100913143000"}], "055022": [], "419046": [{"name": "Discharge Rate", "units": "Megalitres/Day", "datasource": "A", "subdesc": "monthly max", "period_end": "19470101000000", "variable": "141.01", "period_start": "19360101000000"}, {"name": "Discharge Rate", "units": "Megalitres/Day", "datasource": "A", "subdesc": "Monthly Min", "period_end": "19470101000000", "variable": "141.02", "period_start": "19360101000000"}, {"name": "Discharge Volume", "units": "Megalitres", "datasource": "A", "subdesc": "", "period_end": "19461201000000", "variable": "151.00", "period_start": "19361201000000"}, {"name": "Discharge Volume", "units": "Megalitres", "datasource": "A", "subdesc": "Monthly Tot", "period_end": "19470101000000", "variable": "151.01", "period_start": "19360101000000"}, {"name": "Discharge Volume", "units": "Megalitres", "datasource": "A", "subdesc": "Yearly Total", "period_end": "21010101000000", "variable": "151.02", "period_start": "18010101000000"}], "055116": [], "055117": [], "055011": [], "055118": [], "055137": [], "055132": [], "055119": [], "055050": [], "419092": [], "419075": [{"name": "Stream Water Level", "units": "Metres", "datasource": "A", "subdesc": "", "period_end": "20120314090000", "variable": "100.00", "period_start": "19961030121900"}, {"name": "Stream Water Level", "units": "Metres", "datasource": "A", "subdesc": "Externally supplied peak", "period_end": "20081214094500", "variable": "100.09", "period_start": "19970214094500"}, {"name": "Discharge Rate", "units": "Megalitres/Day", "datasource": "A", "subdesc": "monthly max", "period_end": "20130101000000", "variable": "141.01", "period_start": "19960101000000"}, {"name": "Discharge Rate", "units": "Megalitres/Day", "datasource": "A", "subdesc": "Monthly Min", "period_end": "20130101000000", "variable": "141.02", "period_start": "19960101000000"}, {"name": "Discharge Volume", "units": "Megalitres", "datasource": "A", "subdesc": "", "period_end": "20130101000000", "variable": "151.00", "period_start": "19960101000000"}, {"name": "Discharge Volume", "units": "Megalitres", "datasource": "A", "subdesc": "Monthly Tot", "period_end": "20130101000000", "variable": "151.01", "period_start": "19960101000000"}, {"name": "Discharge Volume", "units": "Megalitres", "datasource": "A", "subdesc": "Yearly Total", "period_end": "21010101000000", "variable": "151.02", "period_start": "18010101000000"}, {"name": "Water Temperature", "units": "Degrees Celsius", "datasource": "A", "subdesc": "", "period_end": "19980821060000", "variable": "2080.00", "period_start": "19961030121900"}, {"name": "Stream Water Level", "units": "Metres", "datasource": "PROV", "subdesc": "", "period_end": "20120314090000", "variable": "100.00", "period_start": "20101208223100"}], "419074": [{"name": "Stream Water Level", "units": "Metres", "datasource": "A", "subdesc": "", "period_end": "20140514121000", "variable": "100.00", "period_start": "19961029144500"}, {"name": "Stream Water Level", "units": "Metres", "datasource": "A", "subdesc": "Externally supplied peak", "period_end": "20081214090000", "variable": "100.09", "period_start": "19970214074500"}, {"name": "Discharge Rate", "units": "Megalitres/Day", "datasource": "A", "subdesc": "", "period_end": "20010810050000", "variable": "141.00", "period_start": "20010105000000"}, {"name": "Discharge Rate", "units": "Megalitres/Day", "datasource": "A", "subdesc": "monthly max", "period_end": "20150101000000", "variable": "141.01", "period_start": "19960101000000"}, {"name": "Discharge Rate", "units": "Megalitres/Day", "datasource": "A", "subdesc": "Monthly Min", "period_end": "20150101000000", "variable": "141.02", "period_start": "19960101000000"}, {"name": "Discharge Volume", "units": "Megalitres", "datasource": "A", "subdesc": "", "period_end": "20150101000000", "variable": "151.00", "period_start": "19960101000000"}, {"name": "Discharge Volume", "units": "Megalitres", "datasource": "A", "subdesc": "Monthly Tot", "period_end": "20150101000000", "variable": "151.01", "period_start": "19960101000000"}, {"name": "Discharge Volume", "units": "Megalitres", "datasource": "A", "subdesc": "Yearly Total", "period_end": "21010101000000", "variable": "151.02", "period_start": "18010101000000"}, {"name": "Water Temperature", "units": "Degrees Celsius", "datasource": "A", "subdesc": "", "period_end": "20021030133600", "variable": "2080.00", "period_start": "19961029144500"}, {"name": "Stream Water Level", "units": "Metres", "datasource": "PROV", "subdesc": "", "period_end": "20141105100000", "variable": "100.00", "period_start": "20070213074600"}, {"name": "Stream Water Level", "units": "Metres", "datasource": "PROVMIRROR", "subdesc": "", "period_end": "20141105100000", "variable": "100.00", "period_start": "20070213074600"}], "419073": [{"name": "Stream Water Level", "units": "Metres", "datasource": "A", "subdesc": "", "period_end": "20140514132500", "variable": "100.00", "period_start": "19961031095000"}, {"name": "Stream Water Level", "units": "Metres", "datasource": "A", "subdesc": "Externally supplied peak", "period_end": "20081214060000", "variable": "100.09", "period_start": "19970214023000"}, {"name": "Discharge Rate", "units": "Megalitres/Day", "datasource": "A", "subdesc": "monthly max", "period_end": "20150101000000", "variable": "141.01", "period_start": "19960101000000"}, {"name": "Discharge Rate", "units": "Megalitres/Day", "datasource": "A", "subdesc": "Monthly Min", "period_end": "20150101000000", "variable": "141.02", "period_start": "19960101000000"}, {"name": "Discharge Volume", "units": "Megalitres", "datasource": "A", "subdesc": "", "period_end": "20150101000000", "variable": "151.00", "period_start": "19960101000000"}, {"name": "Discharge Volume", "units": "Megalitres", "datasource": "A", "subdesc": "Monthly Tot", "period_end": "20150101000000", "variable": "151.01", "period_start": "19960101000000"}, {"name": "Discharge Volume", "units": "Megalitres", "datasource": "A", "subdesc": "Yearly Total", "period_end": "21010101000000", "variable": "151.02", "period_start": "18010101000000"}, {"name": "Water Temperature", "units": "Degrees Celsius", "datasource": "A", "subdesc": "", "period_end": "20021127104300", "variable": "2080.00", "period_start": "19961031095000"}, {"name": "Stream Water Level", "units": "Metres", "datasource": "PROV", "subdesc": "", "period_end": "20141105100000", "variable": "100.00", "period_start": "20070212074600"}, {"name": "Stream Water Level", "units": "Metres", "datasource": "PROVMIRROR", "subdesc": "", "period_end": "20141105100000", "variable": "100.00", "period_start": "20070212074600"}], "055284": [], "055123": [], "055121": [], "055120": [], "055000": [], "055001": [], "055003": [], "055141": [], "055140": [], "055142": [], "055328": [], "055138": [], "055139": []}